{
  "build": {
    "cpu": "cortex-m4",
    "extra_flags": "-DSTM32L432xx",
    "f_cpu": "80000000L",
    "mcu": "stm32l432kbu6",
    "product_line": "STM32L432xx",
    "ldscript": "ldscript.ld",
    "variants_dir": "variants",
    "variant": "L432K"
  },
  "debug": {
    "default_tools": [
      "stlink"
    ],
    "jlink_device": "STM32L432KB",
    "onboard_tools": [
      "stlink"
    ],
    "openocd_target": "stm32l4x",
    "svd_path": "STM32L4x2.svd"
  },
  "frameworks": [
    "arduino",
    "cmsis",
    "stm32cube"
  ],
  "name": "CCG ExLRS 2.4G Nano RX",
  "upload": {
    "maximum_ram_size": 65536,
    "maximum_size": 131072,
    "protocol": "stlink",
    "protocols": [
      "jlink",
      "stlink",
      "blackmagic",
      "mbed"
    ]
  },
  "url": "https://www.st.com/en/microcontrollers-microprocessors/stm32l432kb.html",
  "vendor": "ST"
}
