{
    "serial_rx": 13,
    "serial_tx": 13,
    "radio_busy": 21,
    "radio_dio1": 4,
    "radio_miso": 19,
    "radio_mosi": 23,
    "radio_nss": 5,
    "radio_rst": 14,
    "radio_sck": 18,
    "power_rxen": 27,
    "power_txen": 26,
    "power_lna_gain": 12,
    "power_min": 1,
    "power_high": 6,
    "power_max": 6,
    "power_default": 2,
    "power_control": 0,
    "power_values": [-18,-15,-12,-7,-4,2],
    "joystick": 25,
    "joystick_values": [2839,2191,1616,3511,0,4095],
    "led_rgb": 16,
    "led_rgb_isgrb": true,
    "screen_sck": 32,
    "screen_sda": 22,
    "screen_type": 1,
    "screen_reversed": 1,
    "use_backpack": true,
    "debug_backpack_baud": 460800,
    "debug_backpack_rx": 3,
    "debug_backpack_tx": 1,
    "misc_fan_en": 17
}