{
    "serial_rx": 13,
    "serial_tx": 13,
    "radio_dio0": 26,
    "radio_miso": 19,
    "radio_mosi": 27,
    "radio_nss": 18,
    "radio_rst": 23,
    "radio_sck": 5,
    "power_min": 0,
    "power_high": 2,
    "power_max": 2,
    "power_default": 2,
    "power_control": 0,
    "power_values": [120,124,127],
    "screen_sck": 22,
    "screen_sda": 21,
    "screen_type": 1,
    "debug_backpack_baud": 460800,
    "debug_backpack_rx": 3,
    "debug_backpack_tx": 1,
    "led": 25
}