{
    "serial_rx": 13,
    "serial_tx": 13,
    "radio_dio0": 26,
    "radio_dio1": 25,
    "radio_miso": 19,
    "radio_mosi": 23,
    "radio_nss": 5,
    "radio_rst": 22,
    "radio_sck": 18,
    "radio_rfo_hf": true,
    "power_rxen": 21,
    "power_txen": 4,
    "power_min": 3,
    "power_high": 6,
    "power_max": 6,
    "power_default": 3,
    "power_control": 0,
    "power_values": [0,4,7,11],
    "use_backpack": true,
    "debug_backpack_baud": 460800,
    "debug_backpack_rx": 9,
    "debug_backpack_tx": 10,
    "backpack_boot": 15,
    "backpack_en": 27,
    "passthrough_baud": 230400,
    "misc_fan_en": 32
}