{
    "serial_rx": 13,
    "serial_tx": 13,
    "radio_busy": 25,
    "radio_dio1": 17,
    "radio_miso": 19,
    "radio_mosi": 23,
    "radio_nss": 5,
    "radio_rst": 22,
    "radio_sck": 18,
    "radio_dcdc": true,
    "power_rxen": 21,
    "power_txen": 4,
    "power_lna_gain": 12,
    "power_min": 0,
    "power_high": 5,
    "power_max": 5,
    "power_default": 2,
    "power_control": 0,
    "power_values": [-18,-15,-13,-9,-4,3],
    "button": 15,
    "led_blue": 26,
    "led_green": 27,
    "led_red": 14,
    "debug_backpack_baud": 460800,
    "debug_backpack_rx": 3,
    "debug_backpack_tx": 1
}