{
    "serial_rx": 3,
    "serial_tx": 1,
    "radio_busy": 21,
    "radio_dio1": 4,
    "radio_dio2": 22,
    "radio_miso": 19,
    "radio_mosi": 23,
    "radio_nss": 5,
    "radio_rst": 14,
    "radio_sck": 18,
    "radio_dcdc": true,
    "power_rxen": 27,
    "power_txen": 26,
    "power_lna_gain": 12,
    "power_min": 0,
    "power_high": 3,
    "power_max": 3,
    "power_default": 2,
    "power_control": 0,
    "power_values": [-11,-7,-4,1],
    "use_backpack": false,
    "debug_backpack_baud": 460800,
    "debug_backpack_rx": 13,
    "debug_backpack_tx": 12
}