{
    "serial_rx": 13,
    "serial_tx": 13,
    "radio_dio0": 17,
    "radio_dio1": 16,
    "radio_miso": 19,
    "radio_mosi": 23,
    "radio_nss": 5,
    "radio_rst": 21,
    "radio_sck": 18,
    "power_apc2": 25,
    "power_rxen": 33,
    "power_min": 1,
    "power_high": 7,
    "power_max": 7,
    "power_default": 2,
    "power_control": 3,
    "power_values": [57,67,76,90,112,132,167,201],
    "joystick": 35,
    "joystick_values": [1850, 900, 490, 1427, 0, 2978],
    "led_rgb": 4,
    "led_rgb_isgrb": true,
    "screen_cs": 12,
    "screen_dc": 26,
    "screen_mosi": 15,
    "screen_rst": 27,
    "screen_sck": 14,
    "screen_type": 2,
    "use_backpack": true,
    "debug_backpack_baud": 460800,
    "debug_backpack_rx": 3,
    "debug_backpack_tx": 1
}