{
  "serial_rx": 13,
  "serial_tx": 13,
  "radio_dio0": 22,
  "radio_dio1": 21,
  "radio_miso": 19,
  "radio_mosi": 23,
  "radio_nss": 4,
  "radio_rst": 5,
  "radio_sck": 18,
  "radio_dcdc": true,
  "radio_rfo_hf": true,
  "power_txen": 33,
  "power_rxen": 12,
  "power_apc2": 26,
  "power_min": 3,
  "power_high": 6,
  "power_max": 6,
  "power_default": 3,
  "power_control": 3,
  "power_values": [168,148,128,90],
  "power_values2": [2,6,9,12],
  "use_backpack": true,
  "debug_backpack_baud": 460800,
  "debug_backpack_rx": 16,
  "debug_backpack_tx": 17,
  "backpack_boot": 32,
  "backpack_en": 25,
  "passthrough_baud": 230400,
  "led_red": 15,
  "led_red_invert": true,
  "misc_fan_en": 2,
  "screen_type": 1,
  "screen_sck": 12,
  "screen_sda": 14,
  "screen_reversed": true,
  "joystick": 39,
  "joystick_values": [3227,0,1961,2668,1290,4095]
}
