{
    "serial_rx": 13,
    "serial_tx": 13,
    "radio_busy": 22,
    "radio_dio1": 21,
    "radio_miso": 19,
    "radio_mosi": 23,
    "radio_nss": 4,
    "radio_rst": 5,
    "radio_sck": 18,
    "radio_dcdc": true,
    "power_rxen": 32,
    "power_txen": 33,
    "power_min": 1,
    "power_high": 6,
    "power_max": 6,
    "power_default": 2,
    "power_control": 0,
    "power_values": [-18,-15,-12,-8,-5,-2,0],
    "use_backpack": true,
    "debug_backpack_baud": 460800,
    "debug_backpack_rx": 16,
    "debug_backpack_tx": 17,
    "backpack_boot": 26,
    "backpack_en": 25,
    "passthrough_baud": 230400,
    "led_rgb": 15,
    "led_rgb_isgrb": true,
    "ledidx_rgb_status": [2,3,4,5],
    "misc_fan_pwm": 2,
    "misc_fan_tacho": 27,
    "misc_fan_speeds": [47,63,95,127,191,255,255],
    "gsensor_stk8xxx": true,
    "i2c_scl": 12,
    "i2c_sda": 14,
    "misc_gsensor_int": 37,
    "screen_type": 1,
    "screen_sck": 12,
    "screen_sda": 14,
    "joystick": 39,
    "joystick_values": [3227, 0, 1961, 2668, 1290, 4095],
    "button": 34,
    "button_led_index": 0,
    "button2": 35,
    "button2_led_index": 1
}
