{
    "serial_rx": 3,
    "serial_tx": 1,
    "radio_busy": 21,
    "radio_dio1": 4,
    "radio_dio2": 22,
    "radio_miso": 19,
    "radio_mosi": 23,
    "radio_nss": 5,
    "radio_rst": 14,
    "radio_sck": 18,
    "radio_dcdc": true,
    "power_rxen": 27,
    "power_txen": 26,
    "power_lna_gain": 12,
    "power_min": 0,
    "power_high": 4,
    "power_max": 4,
    "power_default": 2,
    "power_pdet": 35,
    "power_pdet_intercept": 1.5,
    "power_pdet_slope": 0.032,
    "power_control": 0,
    "power_values": [-17,-13,-9,-6,-2],
    "use_backpack": true,
    "debug_backpack_baud": 460800,
    "debug_backpack_rx": 16,
    "debug_backpack_tx": 17,
    "backpack_boot": 15,
    "backpack_en": 25
}