{
    "serial_rx": 3,
    "serial_tx": 1,

    "radio_busy": 36,
    "radio_dio1": 37,
    "radio_miso": 33,
    "radio_mosi": 32,
    "radio_nss": 27,
    "radio_rst": 13,
    "radio_sck": 25,
    "radio_dcdc": true,

    "ant_ctrl": 5,

    "power_txen": 26,
    "power_min": 0,
    "power_high": 3,
    "power_max": 3,
    "power_default": 3,
    "power_control": 0,
    "power_values": [-5,-4,-2,-1],

    "pwm_outputs": [14,12,15,2,4,9,19,22],

    "led_rgb": 21,
    "led_rgb_isgrb": true,
    "i2c_sda": 23,
    "i2c_scl": 18,
    "vbat": 39,
    "button": 0,
    "vbat_scale": 700,
    "vbat_offset": -30,
    "vbat_atten": 7
}
